USER_ID,ITEM_ID,TIMESTAMP,EVENT_TYPE
9d8690c1-fee4-42bc-8402-c340121aa270,167,1724539316,click
d9204ee5-9ecd-49f1-8e1c-a7d55d5517be,87,1725326844,like
2d48249c-030a-4025-b8fe-8e42615f31e2,25,1724855293,purchase
045bb5a6-bc1b-4e26-bafc-b6914048b4cd,160,1725222869,view
5e8d463c-8a5f-48c8-b7cd-3cceb93d2993,126,1724509432,add_to_cart
1e8e2ae4-8a9c-4d27-bbc5-80b83b34dcf7,158,1724645018,purchase
c64aefeb-edbc-4f5c-8f7e-9a7e19960439,91,1724842109,add_to_cart
a86c9009-f901-4b04-9c99-c82198357938,154,1725384439,purchase
c64aefeb-edbc-4f5c-8f7e-9a7e19960439,174,1725198321,click
29c0d439-efb9-477d-822d-bda0468c76bb,28,1725186082,view
9d8690c1-fee4-42bc-8402-c340121aa270,30,1725021884,view
a86c9009-f901-4b04-9c99-c82198357938,33,1724507812,view
cc8ce068-0eca-4be8-839a-23094df29556,34,1725168964,like
cc8ce068-0eca-4be8-839a-23094df29556,25,1724755340,add_to_cart
c199c771-95e4-4eef-b5f8-6852e92ba635,6,1724667596,view
b8019154-a11c-420d-ab25-cc8e49c2793f,131,1724872931,add_to_cart
5e8d463c-8a5f-48c8-b7cd-3cceb93d2993,47,1725280295,view
f71618c1-7096-4d0c-bfb0-eda13ff2a2ff,73,1725365832,click
c7ccc984-efbd-4193-931c-3092ff5815ae,174,1724842189,add_to_cart
ab8f3121-9024-46aa-9cc9-f924e8c7a94e,188,1724512597,view
cc8ce068-0eca-4be8-839a-23094df29556,164,1724949244,purchase
ab8f3121-9024-46aa-9cc9-f924e8c7a94e,149,1724609112,purchase
5e8d463c-8a5f-48c8-b7cd-3cceb93d2993,51,1724709683,purchase
8975d6c7-26f1-4473-8b72-50d75e47a033,68,1724770988,like
d320ec8c-8e40-4043-858c-18d6ce273856,66,1725250116,click
c64aefeb-edbc-4f5c-8f7e-9a7e19960439,90,1724854137,view
5e8d463c-8a5f-48c8-b7cd-3cceb93d2993,129,1724565169,like
cc8ce068-0eca-4be8-839a-23094df29556,27,1724785353,click
c64aefeb-edbc-4f5c-8f7e-9a7e19960439,67,1724842170,view
2d48249c-030a-4025-b8fe-8e42615f31e2,53,1724838382,like
29c0d439-efb9-477d-822d-bda0468c76bb,6,1724922999,view
a86c9009-f901-4b04-9c99-c82198357938,159,1724524884,click
c64aefeb-edbc-4f5c-8f7e-9a7e19960439,49,1724909788,click
c7ccc984-efbd-4193-931c-3092ff5815ae,7,1725090126,view
c7ccc984-efbd-4193-931c-3092ff5815ae,174,1724894591,like
d9204ee5-9ecd-49f1-8e1c-a7d55d5517be,60,1724979256,purchase
29c0d439-efb9-477d-822d-bda0468c76bb,178,1725016245,like
00257e6a-fc8e-4f63-9cec-2390b53817e0,130,1724920431,purchase
d9204ee5-9ecd-49f1-8e1c-a7d55d5517be,62,1725301255,like
00257e6a-fc8e-4f63-9cec-2390b53817e0,173,1725101404,purchase
045bb5a6-bc1b-4e26-bafc-b6914048b4cd,155,1724926141,click
a86c9009-f901-4b04-9c99-c82198357938,3,1724769484,add_to_cart
9d8690c1-fee4-42bc-8402-c340121aa270,43,1724512664,view
b8019154-a11c-420d-ab25-cc8e49c2793f,77,1725251099,purchase
29c0d439-efb9-477d-822d-bda0468c76bb,172,1724564979,click
a16d03e1-d38a-46ca-ace9-fd9715ce94ba,46,1725011666,add_to_cart
cc8ce068-0eca-4be8-839a-23094df29556,61,1724938736,view
f71618c1-7096-4d0c-bfb0-eda13ff2a2ff,110,1725227743,like
d810606a-a7ea-4a39-94f3-1c4272def868,129,1725015406,purchase
cc8ce068-0eca-4be8-839a-23094df29556,133,1725031857,view
c7ccc984-efbd-4193-931c-3092ff5815ae,130,1725391520,add_to_cart
c199c771-95e4-4eef-b5f8-6852e92ba635,104,1725443701,click
d9204ee5-9ecd-49f1-8e1c-a7d55d5517be,105,1725424951,click
f5ad8a0c-1226-4637-84de-f06b6b20a59d,119,1725056951,purchase
2d48249c-030a-4025-b8fe-8e42615f31e2,188,1725413048,purchase
859d4ff8-041a-41cb-8868-178a48fd55c8,149,1724820889,like
b8019154-a11c-420d-ab25-cc8e49c2793f,175,1724750386,like
ab8f3121-9024-46aa-9cc9-f924e8c7a94e,40,1724798078,view
1e8e2ae4-8a9c-4d27-bbc5-80b83b34dcf7,130,1725043063,add_to_cart
ed3908c0-3ebd-48fe-81ab-9ec7391da450,189,1724929171,purchase
5e8d463c-8a5f-48c8-b7cd-3cceb93d2993,173,1724679588,click
f4acc51e-2359-4979-aa5c-2a60aed8fd4f,108,1724973944,view
f5ad8a0c-1226-4637-84de-f06b6b20a59d,29,1725059668,add_to_cart
1e8e2ae4-8a9c-4d27-bbc5-80b83b34dcf7,85,1725329812,like
f5ad8a0c-1226-4637-84de-f06b6b20a59d,93,1725275144,purchase
d810606a-a7ea-4a39-94f3-1c4272def868,145,1725069832,click
0f300731-82b4-428e-b00e-6f3bcce6091e,138,1724728131,click
29c0d439-efb9-477d-822d-bda0468c76bb,113,1725117688,add_to_cart
ab8f3121-9024-46aa-9cc9-f924e8c7a94e,108,1725260994,like
c199c771-95e4-4eef-b5f8-6852e92ba635,176,1724692433,like
1e8e2ae4-8a9c-4d27-bbc5-80b83b34dcf7,156,1724516254,view
9d8690c1-fee4-42bc-8402-c340121aa270,150,1725365945,like
045bb5a6-bc1b-4e26-bafc-b6914048b4cd,13,1724650269,view
c199c771-95e4-4eef-b5f8-6852e92ba635,21,1725276010,add_to_cart
d810606a-a7ea-4a39-94f3-1c4272def868,15,1725183393,add_to_cart
9d8690c1-fee4-42bc-8402-c340121aa270,98,1724592439,like
f5ad8a0c-1226-4637-84de-f06b6b20a59d,48,1725107874,purchase
f4acc51e-2359-4979-aa5c-2a60aed8fd4f,75,1724800983,purchase
c64aefeb-edbc-4f5c-8f7e-9a7e19960439,83,1724900291,add_to_cart
cc8ce068-0eca-4be8-839a-23094df29556,106,1724960159,purchase
d810606a-a7ea-4a39-94f3-1c4272def868,153,1725323564,add_to_cart
859d4ff8-041a-41cb-8868-178a48fd55c8,2,1725473549,like
29c0d439-efb9-477d-822d-bda0468c76bb,17,1724928607,view
f71618c1-7096-4d0c-bfb0-eda13ff2a2ff,147,1724747995,click
f5ad8a0c-1226-4637-84de-f06b6b20a59d,136,1724523813,purchase
c7ccc984-efbd-4193-931c-3092ff5815ae,173,1725501093,purchase
c64aefeb-edbc-4f5c-8f7e-9a7e19960439,26,1725365708,add_to_cart
f71618c1-7096-4d0c-bfb0-eda13ff2a2ff,16,1725141601,view
859d4ff8-041a-41cb-8868-178a48fd55c8,12,1724863083,like
045bb5a6-bc1b-4e26-bafc-b6914048b4cd,43,1725060031,click
ab8f3121-9024-46aa-9cc9-f924e8c7a94e,122,1725221961,like
d9204ee5-9ecd-49f1-8e1c-a7d55d5517be,6,1724780576,view
f4acc51e-2359-4979-aa5c-2a60aed8fd4f,2,1725373428,add_to_cart
0f300731-82b4-428e-b00e-6f3bcce6091e,156,1725058791,view
b8019154-a11c-420d-ab25-cc8e49c2793f,113,1724665525,click
9d8690c1-fee4-42bc-8402-c340121aa270,17,1725483971,add_to_cart
d810606a-a7ea-4a39-94f3-1c4272def868,85,1724597684,add_to_cart
a86c9009-f901-4b04-9c99-c82198357938,185,1725044323,like
cc8ce068-0eca-4be8-839a-23094df29556,61,1725424828,add_to_cart
a86c9009-f901-4b04-9c99-c82198357938,41,1724815639,purchase
d320ec8c-8e40-4043-858c-18d6ce273856,109,1724712284,like
9d8690c1-fee4-42bc-8402-c340121aa270,94,1725187850,view
d320ec8c-8e40-4043-858c-18d6ce273856,180,1724713772,purchase
cc8ce068-0eca-4be8-839a-23094df29556,160,1725274472,click
c7ccc984-efbd-4193-931c-3092ff5815ae,116,1724834672,add_to_cart
00257e6a-fc8e-4f63-9cec-2390b53817e0,169,1724828494,add_to_cart
c7ccc984-efbd-4193-931c-3092ff5815ae,8,1725107956,like
045bb5a6-bc1b-4e26-bafc-b6914048b4cd,93,1725107033,view
8975d6c7-26f1-4473-8b72-50d75e47a033,149,1724527248,add_to_cart
a86c9009-f901-4b04-9c99-c82198357938,1,1725044178,view
c199c771-95e4-4eef-b5f8-6852e92ba635,3,1724836991,like
f71618c1-7096-4d0c-bfb0-eda13ff2a2ff,8,1724608627,add_to_cart
a86c9009-f901-4b04-9c99-c82198357938,140,1725205928,like
f4acc51e-2359-4979-aa5c-2a60aed8fd4f,176,1724642188,view
a16d03e1-d38a-46ca-ace9-fd9715ce94ba,168,1725185204,click
045bb5a6-bc1b-4e26-bafc-b6914048b4cd,98,1724848091,click
00257e6a-fc8e-4f63-9cec-2390b53817e0,145,1725181511,add_to_cart
859d4ff8-041a-41cb-8868-178a48fd55c8,113,1725147629,view
cc8ce068-0eca-4be8-839a-23094df29556,114,1725015684,purchase
859d4ff8-041a-41cb-8868-178a48fd55c8,12,1725325146,click
a86c9009-f901-4b04-9c99-c82198357938,132,1724597650,add_to_cart
5e8d463c-8a5f-48c8-b7cd-3cceb93d2993,71,1725214462,add_to_cart
9d8690c1-fee4-42bc-8402-c340121aa270,2,1724878901,click
f5ad8a0c-1226-4637-84de-f06b6b20a59d,4,1725216927,click
00257e6a-fc8e-4f63-9cec-2390b53817e0,145,1725030745,click
9d8690c1-fee4-42bc-8402-c340121aa270,119,1725028197,like
1e8e2ae4-8a9c-4d27-bbc5-80b83b34dcf7,61,1725421148,click
045bb5a6-bc1b-4e26-bafc-b6914048b4cd,58,1725244805,view
a86c9009-f901-4b04-9c99-c82198357938,162,1724895154,purchase
00257e6a-fc8e-4f63-9cec-2390b53817e0,80,1725472931,purchase
a16d03e1-d38a-46ca-ace9-fd9715ce94ba,29,1724918952,add_to_cart
1e8e2ae4-8a9c-4d27-bbc5-80b83b34dcf7,126,1725318049,add_to_cart
1e8e2ae4-8a9c-4d27-bbc5-80b83b34dcf7,136,1724737388,add_to_cart
ed3908c0-3ebd-48fe-81ab-9ec7391da450,73,1725224514,like
c199c771-95e4-4eef-b5f8-6852e92ba635,8,1724560662,add_to_cart
cc8ce068-0eca-4be8-839a-23094df29556,169,1724881263,purchase
c64aefeb-edbc-4f5c-8f7e-9a7e19960439,30,1725080436,purchase
9d8690c1-fee4-42bc-8402-c340121aa270,21,1725135318,purchase
9d8690c1-fee4-42bc-8402-c340121aa270,89,1725449618,like
d320ec8c-8e40-4043-858c-18d6ce273856,13,1724788636,purchase
c199c771-95e4-4eef-b5f8-6852e92ba635,84,1725054836,click
00257e6a-fc8e-4f63-9cec-2390b53817e0,40,1725220882,add_to_cart
f4acc51e-2359-4979-aa5c-2a60aed8fd4f,12,1724935750,view
0f300731-82b4-428e-b00e-6f3bcce6091e,46,1725456619,click
ed3908c0-3ebd-48fe-81ab-9ec7391da450,42,1725296147,view
c7ccc984-efbd-4193-931c-3092ff5815ae,50,1725180061,purchase
d810606a-a7ea-4a39-94f3-1c4272def868,113,1725361842,view
c7ccc984-efbd-4193-931c-3092ff5815ae,1,1724794880,view
c199c771-95e4-4eef-b5f8-6852e92ba635,3,1725032695,click
f4acc51e-2359-4979-aa5c-2a60aed8fd4f,138,1724696282,add_to_cart
f4acc51e-2359-4979-aa5c-2a60aed8fd4f,12,1725259525,view
f4acc51e-2359-4979-aa5c-2a60aed8fd4f,65,1724949168,add_to_cart
9d8690c1-fee4-42bc-8402-c340121aa270,105,1724924069,add_to_cart
b8019154-a11c-420d-ab25-cc8e49c2793f,141,1725232951,view
c64aefeb-edbc-4f5c-8f7e-9a7e19960439,30,1725147295,like
a16d03e1-d38a-46ca-ace9-fd9715ce94ba,174,1724928210,like
2d48249c-030a-4025-b8fe-8e42615f31e2,65,1725182772,view
1e8e2ae4-8a9c-4d27-bbc5-80b83b34dcf7,21,1724780161,purchase
d810606a-a7ea-4a39-94f3-1c4272def868,102,1724868281,view
0f300731-82b4-428e-b00e-6f3bcce6091e,168,1724847882,purchase
ed3908c0-3ebd-48fe-81ab-9ec7391da450,142,1725378847,click
045bb5a6-bc1b-4e26-bafc-b6914048b4cd,182,1725085169,view
ed3908c0-3ebd-48fe-81ab-9ec7391da450,23,1725012432,add_to_cart
f5ad8a0c-1226-4637-84de-f06b6b20a59d,113,1724969474,like
d320ec8c-8e40-4043-858c-18d6ce273856,27,1725386638,purchase
5e8d463c-8a5f-48c8-b7cd-3cceb93d2993,70,1725273062,view
c7ccc984-efbd-4193-931c-3092ff5815ae,56,1725256563,add_to_cart
a86c9009-f901-4b04-9c99-c82198357938,157,1725179536,view
8975d6c7-26f1-4473-8b72-50d75e47a033,118,1724732821,like
29c0d439-efb9-477d-822d-bda0468c76bb,3,1724610938,view
cc8ce068-0eca-4be8-839a-23094df29556,86,1725305588,like
c199c771-95e4-4eef-b5f8-6852e92ba635,55,1725467658,purchase
d9204ee5-9ecd-49f1-8e1c-a7d55d5517be,10,1724562842,purchase
0f300731-82b4-428e-b00e-6f3bcce6091e,66,1724598324,purchase
00257e6a-fc8e-4f63-9cec-2390b53817e0,116,1724944589,like
d320ec8c-8e40-4043-858c-18d6ce273856,119,1725377105,purchase
ed3908c0-3ebd-48fe-81ab-9ec7391da450,148,1724595337,click
00257e6a-fc8e-4f63-9cec-2390b53817e0,91,1724541652,click
c64aefeb-edbc-4f5c-8f7e-9a7e19960439,177,1725387048,view
cc8ce068-0eca-4be8-839a-23094df29556,154,1725270105,add_to_cart
d320ec8c-8e40-4043-858c-18d6ce273856,107,1725084890,view
b8019154-a11c-420d-ab25-cc8e49c2793f,108,1724828715,click
ab8f3121-9024-46aa-9cc9-f924e8c7a94e,108,1725089860,purchase
f71618c1-7096-4d0c-bfb0-eda13ff2a2ff,94,1725211585,purchase
d9204ee5-9ecd-49f1-8e1c-a7d55d5517be,175,1724758017,add_to_cart
cc8ce068-0eca-4be8-839a-23094df29556,187,1724730952,view
1e8e2ae4-8a9c-4d27-bbc5-80b83b34dcf7,52,1724894390,view
a16d03e1-d38a-46ca-ace9-fd9715ce94ba,143,1725443372,purchase
2d48249c-030a-4025-b8fe-8e42615f31e2,108,1724973802,add_to_cart
ab8f3121-9024-46aa-9cc9-f924e8c7a94e,128,1725356258,purchase
c64aefeb-edbc-4f5c-8f7e-9a7e19960439,5,1724930226,purchase
0f300731-82b4-428e-b00e-6f3bcce6091e,123,1725297497,click
c199c771-95e4-4eef-b5f8-6852e92ba635,85,1725377288,purchase
8975d6c7-26f1-4473-8b72-50d75e47a033,162,1724881144,like
b8019154-a11c-420d-ab25-cc8e49c2793f,89,1724823416,like
5e8d463c-8a5f-48c8-b7cd-3cceb93d2993,128,1725014315,like
ed3908c0-3ebd-48fe-81ab-9ec7391da450,19,1724945741,add_to_cart
a86c9009-f901-4b04-9c99-c82198357938,70,1725340458,view
9d8690c1-fee4-42bc-8402-c340121aa270,49,1724945567,click
cc8ce068-0eca-4be8-839a-23094df29556,70,1724598139,like
f4acc51e-2359-4979-aa5c-2a60aed8fd4f,9,1724507137,like
2d48249c-030a-4025-b8fe-8e42615f31e2,155,1724644753,like
045bb5a6-bc1b-4e26-bafc-b6914048b4cd,9,1725162819,click
cc8ce068-0eca-4be8-839a-23094df29556,111,1724746367,purchase
c199c771-95e4-4eef-b5f8-6852e92ba635,170,1725231470,like
b8019154-a11c-420d-ab25-cc8e49c2793f,98,1724642890,add_to_cart
ed3908c0-3ebd-48fe-81ab-9ec7391da450,29,1724531110,view
0f300731-82b4-428e-b00e-6f3bcce6091e,161,1724902632,like
c199c771-95e4-4eef-b5f8-6852e92ba635,150,1724591047,add_to_cart
cc8ce068-0eca-4be8-839a-23094df29556,6,1725452918,add_to_cart
f5ad8a0c-1226-4637-84de-f06b6b20a59d,30,1725149527,add_to_cart
a16d03e1-d38a-46ca-ace9-fd9715ce94ba,96,1724511916,add_to_cart
cc8ce068-0eca-4be8-839a-23094df29556,126,1724539236,like
29c0d439-efb9-477d-822d-bda0468c76bb,86,1724518319,add_to_cart
f71618c1-7096-4d0c-bfb0-eda13ff2a2ff,37,1724782409,add_to_cart
5e8d463c-8a5f-48c8-b7cd-3cceb93d2993,98,1724947614,add_to_cart
1e8e2ae4-8a9c-4d27-bbc5-80b83b34dcf7,36,1724808417,like
29c0d439-efb9-477d-822d-bda0468c76bb,119,1725363945,view
d810606a-a7ea-4a39-94f3-1c4272def868,188,1725287653,purchase
c64aefeb-edbc-4f5c-8f7e-9a7e19960439,58,1724573667,like
8975d6c7-26f1-4473-8b72-50d75e47a033,189,1724872290,purchase
f5ad8a0c-1226-4637-84de-f06b6b20a59d,127,1724724688,purchase
d9204ee5-9ecd-49f1-8e1c-a7d55d5517be,87,1724776144,click
29c0d439-efb9-477d-822d-bda0468c76bb,164,1725188744,add_to_cart
f71618c1-7096-4d0c-bfb0-eda13ff2a2ff,36,1725062170,click
8975d6c7-26f1-4473-8b72-50d75e47a033,72,1725499885,add_to_cart
8975d6c7-26f1-4473-8b72-50d75e47a033,164,1724917233,like
d9204ee5-9ecd-49f1-8e1c-a7d55d5517be,39,1724572885,view
f71618c1-7096-4d0c-bfb0-eda13ff2a2ff,47,1724851397,add_to_cart
f71618c1-7096-4d0c-bfb0-eda13ff2a2ff,90,1724659709,add_to_cart
ab8f3121-9024-46aa-9cc9-f924e8c7a94e,174,1725336599,click
1e8e2ae4-8a9c-4d27-bbc5-80b83b34dcf7,65,1724789379,purchase
a86c9009-f901-4b04-9c99-c82198357938,94,1724798569,click
9d8690c1-fee4-42bc-8402-c340121aa270,150,1724977512,like
c199c771-95e4-4eef-b5f8-6852e92ba635,116,1724724436,view
29c0d439-efb9-477d-822d-bda0468c76bb,19,1725048677,like
cc8ce068-0eca-4be8-839a-23094df29556,146,1725175887,purchase
8975d6c7-26f1-4473-8b72-50d75e47a033,107,1725318838,purchase
ab8f3121-9024-46aa-9cc9-f924e8c7a94e,102,1725319824,add_to_cart
9d8690c1-fee4-42bc-8402-c340121aa270,142,1725412310,purchase
c64aefeb-edbc-4f5c-8f7e-9a7e19960439,106,1724901813,add_to_cart
f5ad8a0c-1226-4637-84de-f06b6b20a59d,47,1724643083,purchase
859d4ff8-041a-41cb-8868-178a48fd55c8,48,1724844874,purchase
a16d03e1-d38a-46ca-ace9-fd9715ce94ba,121,1724740860,purchase
0f300731-82b4-428e-b00e-6f3bcce6091e,173,1724664523,add_to_cart
29c0d439-efb9-477d-822d-bda0468c76bb,138,1725317682,view
045bb5a6-bc1b-4e26-bafc-b6914048b4cd,141,1725295183,view
d9204ee5-9ecd-49f1-8e1c-a7d55d5517be,153,1725026281,add_to_cart
c199c771-95e4-4eef-b5f8-6852e92ba635,39,1724844735,purchase
cc8ce068-0eca-4be8-839a-23094df29556,102,1725120848,add_to_cart
8975d6c7-26f1-4473-8b72-50d75e47a033,69,1725258020,like
8975d6c7-26f1-4473-8b72-50d75e47a033,165,1724962546,click
f5ad8a0c-1226-4637-84de-f06b6b20a59d,70,1724766066,purchase
00257e6a-fc8e-4f63-9cec-2390b53817e0,76,1725448821,add_to_cart
859d4ff8-041a-41cb-8868-178a48fd55c8,121,1725265540,view
c64aefeb-edbc-4f5c-8f7e-9a7e19960439,147,1725269298,add_to_cart
0f300731-82b4-428e-b00e-6f3bcce6091e,130,1724514106,view
29c0d439-efb9-477d-822d-bda0468c76bb,131,1724551316,view
d9204ee5-9ecd-49f1-8e1c-a7d55d5517be,175,1724681799,purchase
045bb5a6-bc1b-4e26-bafc-b6914048b4cd,79,1725015647,click
a86c9009-f901-4b04-9c99-c82198357938,135,1725369704,purchase
f5ad8a0c-1226-4637-84de-f06b6b20a59d,41,1725424148,purchase
859d4ff8-041a-41cb-8868-178a48fd55c8,114,1725290714,click
f5ad8a0c-1226-4637-84de-f06b6b20a59d,47,1724693979,purchase
8975d6c7-26f1-4473-8b72-50d75e47a033,18,1725086669,like
29c0d439-efb9-477d-822d-bda0468c76bb,136,1724974444,view
8975d6c7-26f1-4473-8b72-50d75e47a033,2,1725333412,purchase
0f300731-82b4-428e-b00e-6f3bcce6091e,20,1724955881,like
2d48249c-030a-4025-b8fe-8e42615f31e2,119,1725140180,add_to_cart
00257e6a-fc8e-4f63-9cec-2390b53817e0,143,1725426605,add_to_cart
859d4ff8-041a-41cb-8868-178a48fd55c8,90,1725245693,add_to_cart
ab8f3121-9024-46aa-9cc9-f924e8c7a94e,116,1725200876,view
b8019154-a11c-420d-ab25-cc8e49c2793f,133,1725014913,like
f4acc51e-2359-4979-aa5c-2a60aed8fd4f,113,1725126188,add_to_cart
c64aefeb-edbc-4f5c-8f7e-9a7e19960439,146,1724846417,like
00257e6a-fc8e-4f63-9cec-2390b53817e0,106,1724733613,click
8975d6c7-26f1-4473-8b72-50d75e47a033,143,1725166569,view
a86c9009-f901-4b04-9c99-c82198357938,5,1725169010,click
f4acc51e-2359-4979-aa5c-2a60aed8fd4f,101,1725391075,like
045bb5a6-bc1b-4e26-bafc-b6914048b4cd,168,1724834519,click
859d4ff8-041a-41cb-8868-178a48fd55c8,169,1725312024,purchase
d810606a-a7ea-4a39-94f3-1c4272def868,127,1725256195,like
a86c9009-f901-4b04-9c99-c82198357938,168,1724676838,like
ed3908c0-3ebd-48fe-81ab-9ec7391da450,96,1724991958,click
29c0d439-efb9-477d-822d-bda0468c76bb,115,1724941253,add_to_cart
d320ec8c-8e40-4043-858c-18d6ce273856,135,1724909252,click
f71618c1-7096-4d0c-bfb0-eda13ff2a2ff,118,1724544763,view
a86c9009-f901-4b04-9c99-c82198357938,170,1725013380,purchase
859d4ff8-041a-41cb-8868-178a48fd55c8,86,1725413963,add_to_cart
c199c771-95e4-4eef-b5f8-6852e92ba635,159,1725171851,click
a16d03e1-d38a-46ca-ace9-fd9715ce94ba,175,1725080959,click
045bb5a6-bc1b-4e26-bafc-b6914048b4cd,190,1725003488,view
a16d03e1-d38a-46ca-ace9-fd9715ce94ba,60,1725503293,view
cc8ce068-0eca-4be8-839a-23094df29556,178,1725138976,purchase
ab8f3121-9024-46aa-9cc9-f924e8c7a94e,65,1724644033,add_to_cart
f4acc51e-2359-4979-aa5c-2a60aed8fd4f,159,1724731208,add_to_cart
045bb5a6-bc1b-4e26-bafc-b6914048b4cd,109,1725115294,add_to_cart
045bb5a6-bc1b-4e26-bafc-b6914048b4cd,163,1724897132,click
d810606a-a7ea-4a39-94f3-1c4272def868,113,1724595726,click
d9204ee5-9ecd-49f1-8e1c-a7d55d5517be,34,1725298971,purchase
f4acc51e-2359-4979-aa5c-2a60aed8fd4f,30,1725139841,purchase
1e8e2ae4-8a9c-4d27-bbc5-80b83b34dcf7,186,1724521736,click
5e8d463c-8a5f-48c8-b7cd-3cceb93d2993,89,1724590006,view
0f300731-82b4-428e-b00e-6f3bcce6091e,41,1725378658,click
ed3908c0-3ebd-48fe-81ab-9ec7391da450,167,1724970078,like
045bb5a6-bc1b-4e26-bafc-b6914048b4cd,189,1725096135,purchase
045bb5a6-bc1b-4e26-bafc-b6914048b4cd,20,1725341972,view
f5ad8a0c-1226-4637-84de-f06b6b20a59d,177,1725137029,add_to_cart
859d4ff8-041a-41cb-8868-178a48fd55c8,36,1725000969,click
f4acc51e-2359-4979-aa5c-2a60aed8fd4f,6,1724605179,like
a16d03e1-d38a-46ca-ace9-fd9715ce94ba,142,1724649532,purchase
a86c9009-f901-4b04-9c99-c82198357938,83,1724783658,add_to_cart
00257e6a-fc8e-4f63-9cec-2390b53817e0,88,1724782590,add_to_cart
c199c771-95e4-4eef-b5f8-6852e92ba635,106,1724885641,add_to_cart
00257e6a-fc8e-4f63-9cec-2390b53817e0,119,1725019137,like
1e8e2ae4-8a9c-4d27-bbc5-80b83b34dcf7,13,1725161981,purchase
045bb5a6-bc1b-4e26-bafc-b6914048b4cd,20,1725179696,purchase
29c0d439-efb9-477d-822d-bda0468c76bb,127,1725306319,add_to_cart
ab8f3121-9024-46aa-9cc9-f924e8c7a94e,59,1725482954,view
859d4ff8-041a-41cb-8868-178a48fd55c8,58,1724927811,like
2d48249c-030a-4025-b8fe-8e42615f31e2,54,1725056669,purchase
29c0d439-efb9-477d-822d-bda0468c76bb,32,1725242841,add_to_cart
ed3908c0-3ebd-48fe-81ab-9ec7391da450,87,1725005677,click
0f300731-82b4-428e-b00e-6f3bcce6091e,29,1725138371,purchase
b8019154-a11c-420d-ab25-cc8e49c2793f,35,1724584237,click
f71618c1-7096-4d0c-bfb0-eda13ff2a2ff,138,1725009302,add_to_cart
045bb5a6-bc1b-4e26-bafc-b6914048b4cd,38,1724582601,add_to_cart
d320ec8c-8e40-4043-858c-18d6ce273856,104,1725483279,add_to_cart
9d8690c1-fee4-42bc-8402-c340121aa270,18,1724865820,purchase
d320ec8c-8e40-4043-858c-18d6ce273856,47,1725251874,purchase
c199c771-95e4-4eef-b5f8-6852e92ba635,52,1724880959,click
1e8e2ae4-8a9c-4d27-bbc5-80b83b34dcf7,117,1724617478,purchase
ed3908c0-3ebd-48fe-81ab-9ec7391da450,128,1724987062,purchase
2d48249c-030a-4025-b8fe-8e42615f31e2,176,1725407294,like
0f300731-82b4-428e-b00e-6f3bcce6091e,127,1724516208,add_to_cart
29c0d439-efb9-477d-822d-bda0468c76bb,161,1724803192,view
d810606a-a7ea-4a39-94f3-1c4272def868,3,1724583337,like
5e8d463c-8a5f-48c8-b7cd-3cceb93d2993,121,1724867160,add_to_cart
f5ad8a0c-1226-4637-84de-f06b6b20a59d,44,1725246003,purchase
2d48249c-030a-4025-b8fe-8e42615f31e2,148,1725364457,purchase
a86c9009-f901-4b04-9c99-c82198357938,77,1724771562,view
f5ad8a0c-1226-4637-84de-f06b6b20a59d,70,1724852645,like
c64aefeb-edbc-4f5c-8f7e-9a7e19960439,52,1724717377,like
b8019154-a11c-420d-ab25-cc8e49c2793f,28,1724611521,view
859d4ff8-041a-41cb-8868-178a48fd55c8,152,1725077712,like
d320ec8c-8e40-4043-858c-18d6ce273856,152,1724922801,purchase
ab8f3121-9024-46aa-9cc9-f924e8c7a94e,93,1725024571,click
a16d03e1-d38a-46ca-ace9-fd9715ce94ba,187,1724978521,purchase
d9204ee5-9ecd-49f1-8e1c-a7d55d5517be,107,1724814009,purchase
b8019154-a11c-420d-ab25-cc8e49c2793f,68,1725196553,like
f5ad8a0c-1226-4637-84de-f06b6b20a59d,172,1724863395,click
cc8ce068-0eca-4be8-839a-23094df29556,188,1724768689,view
5e8d463c-8a5f-48c8-b7cd-3cceb93d2993,76,1725494336,purchase
f5ad8a0c-1226-4637-84de-f06b6b20a59d,49,1725191862,view
b8019154-a11c-420d-ab25-cc8e49c2793f,173,1725015287,view
f4acc51e-2359-4979-aa5c-2a60aed8fd4f,127,1724764521,view
045bb5a6-bc1b-4e26-bafc-b6914048b4cd,131,1724747254,click
5e8d463c-8a5f-48c8-b7cd-3cceb93d2993,141,1724925816,click
859d4ff8-041a-41cb-8868-178a48fd55c8,117,1724632648,like
cc8ce068-0eca-4be8-839a-23094df29556,57,1724531669,like
8975d6c7-26f1-4473-8b72-50d75e47a033,121,1725407209,click
00257e6a-fc8e-4f63-9cec-2390b53817e0,130,1724571806,click
d810606a-a7ea-4a39-94f3-1c4272def868,144,1725283655,view
c199c771-95e4-4eef-b5f8-6852e92ba635,165,1724708697,like
a86c9009-f901-4b04-9c99-c82198357938,172,1725442097,view
ed3908c0-3ebd-48fe-81ab-9ec7391da450,56,1724542133,like
c64aefeb-edbc-4f5c-8f7e-9a7e19960439,134,1725126293,add_to_cart
0f300731-82b4-428e-b00e-6f3bcce6091e,16,1725095834,like
1e8e2ae4-8a9c-4d27-bbc5-80b83b34dcf7,41,1724547746,add_to_cart
5e8d463c-8a5f-48c8-b7cd-3cceb93d2993,170,1724714225,like
cc8ce068-0eca-4be8-839a-23094df29556,148,1725380224,purchase
a86c9009-f901-4b04-9c99-c82198357938,176,1724909096,view
045bb5a6-bc1b-4e26-bafc-b6914048b4cd,109,1725405383,view
f4acc51e-2359-4979-aa5c-2a60aed8fd4f,123,1724700062,purchase
d810606a-a7ea-4a39-94f3-1c4272def868,113,1724667764,purchase
d9204ee5-9ecd-49f1-8e1c-a7d55d5517be,114,1724849339,like
f5ad8a0c-1226-4637-84de-f06b6b20a59d,145,1724523235,view
ab8f3121-9024-46aa-9cc9-f924e8c7a94e,126,1724723872,purchase
b8019154-a11c-420d-ab25-cc8e49c2793f,167,1725465905,purchase
ab8f3121-9024-46aa-9cc9-f924e8c7a94e,121,1725181026,click
f4acc51e-2359-4979-aa5c-2a60aed8fd4f,124,1725286144,purchase
f4acc51e-2359-4979-aa5c-2a60aed8fd4f,49,1725276566,like
cc8ce068-0eca-4be8-839a-23094df29556,148,1725079852,click
ab8f3121-9024-46aa-9cc9-f924e8c7a94e,58,1724790107,purchase
a16d03e1-d38a-46ca-ace9-fd9715ce94ba,122,1724794576,view
f5ad8a0c-1226-4637-84de-f06b6b20a59d,178,1724890484,purchase
00257e6a-fc8e-4f63-9cec-2390b53817e0,95,1724883199,like
859d4ff8-041a-41cb-8868-178a48fd55c8,2,1724564662,click
0f300731-82b4-428e-b00e-6f3bcce6091e,185,1724538725,like
c64aefeb-edbc-4f5c-8f7e-9a7e19960439,91,1725015655,purchase
f71618c1-7096-4d0c-bfb0-eda13ff2a2ff,13,1725316024,click
9d8690c1-fee4-42bc-8402-c340121aa270,44,1724736305,add_to_cart
a86c9009-f901-4b04-9c99-c82198357938,101,1725383068,like
8975d6c7-26f1-4473-8b72-50d75e47a033,81,1724835036,purchase
ab8f3121-9024-46aa-9cc9-f924e8c7a94e,4,1724773422,add_to_cart
ed3908c0-3ebd-48fe-81ab-9ec7391da450,40,1725201939,view
045bb5a6-bc1b-4e26-bafc-b6914048b4cd,91,1724939483,like
ed3908c0-3ebd-48fe-81ab-9ec7391da450,94,1725009146,purchase
c7ccc984-efbd-4193-931c-3092ff5815ae,65,1724600516,add_to_cart
045bb5a6-bc1b-4e26-bafc-b6914048b4cd,55,1724990768,click
c7ccc984-efbd-4193-931c-3092ff5815ae,166,1725455336,add_to_cart
ab8f3121-9024-46aa-9cc9-f924e8c7a94e,187,1725379503,purchase
0f300731-82b4-428e-b00e-6f3bcce6091e,53,1724929595,purchase
c7ccc984-efbd-4193-931c-3092ff5815ae,41,1725217753,click
ed3908c0-3ebd-48fe-81ab-9ec7391da450,164,1725433920,click
ed3908c0-3ebd-48fe-81ab-9ec7391da450,4,1724975199,purchase
c199c771-95e4-4eef-b5f8-6852e92ba635,101,1724567101,view
5e8d463c-8a5f-48c8-b7cd-3cceb93d2993,6,1724867965,like
cc8ce068-0eca-4be8-839a-23094df29556,116,1725273933,like
859d4ff8-041a-41cb-8868-178a48fd55c8,74,1724942581,view
d810606a-a7ea-4a39-94f3-1c4272def868,61,1725504530,purchase
c64aefeb-edbc-4f5c-8f7e-9a7e19960439,59,1724665752,add_to_cart
859d4ff8-041a-41cb-8868-178a48fd55c8,135,1725161422,purchase
00257e6a-fc8e-4f63-9cec-2390b53817e0,62,1724724205,purchase
ab8f3121-9024-46aa-9cc9-f924e8c7a94e,112,1725495887,like
a86c9009-f901-4b04-9c99-c82198357938,76,1725002425,view
0f300731-82b4-428e-b00e-6f3bcce6091e,169,1724580313,add_to_cart
d810606a-a7ea-4a39-94f3-1c4272def868,178,1724546127,view
d9204ee5-9ecd-49f1-8e1c-a7d55d5517be,62,1725202630,view
0f300731-82b4-428e-b00e-6f3bcce6091e,137,1725263687,add_to_cart
c64aefeb-edbc-4f5c-8f7e-9a7e19960439,108,1724601424,click
859d4ff8-041a-41cb-8868-178a48fd55c8,91,1725386569,purchase
f5ad8a0c-1226-4637-84de-f06b6b20a59d,162,1725226356,view
d9204ee5-9ecd-49f1-8e1c-a7d55d5517be,68,1725038504,purchase
f4acc51e-2359-4979-aa5c-2a60aed8fd4f,24,1724669193,like
2d48249c-030a-4025-b8fe-8e42615f31e2,107,1725263476,click
a86c9009-f901-4b04-9c99-c82198357938,100,1724776784,view
859d4ff8-041a-41cb-8868-178a48fd55c8,113,1724705761,purchase
d810606a-a7ea-4a39-94f3-1c4272def868,61,1724813590,purchase
9d8690c1-fee4-42bc-8402-c340121aa270,135,1725298305,view
c7ccc984-efbd-4193-931c-3092ff5815ae,96,1725488786,click
f5ad8a0c-1226-4637-84de-f06b6b20a59d,33,1725092824,view
0f300731-82b4-428e-b00e-6f3bcce6091e,55,1724745501,like
045bb5a6-bc1b-4e26-bafc-b6914048b4cd,141,1724577619,view
f4acc51e-2359-4979-aa5c-2a60aed8fd4f,60,1725329386,view
a86c9009-f901-4b04-9c99-c82198357938,67,1725368387,like
c64aefeb-edbc-4f5c-8f7e-9a7e19960439,25,1724926060,purchase
d810606a-a7ea-4a39-94f3-1c4272def868,125,1725171566,purchase
00257e6a-fc8e-4f63-9cec-2390b53817e0,54,1724724212,purchase
045bb5a6-bc1b-4e26-bafc-b6914048b4cd,70,1725365758,like
f5ad8a0c-1226-4637-84de-f06b6b20a59d,174,1724653858,click
f5ad8a0c-1226-4637-84de-f06b6b20a59d,148,1724596620,purchase
1e8e2ae4-8a9c-4d27-bbc5-80b83b34dcf7,176,1725234348,add_to_cart
2d48249c-030a-4025-b8fe-8e42615f31e2,104,1724934444,view
cc8ce068-0eca-4be8-839a-23094df29556,47,1724916698,view
ed3908c0-3ebd-48fe-81ab-9ec7391da450,39,1724653161,add_to_cart
a16d03e1-d38a-46ca-ace9-fd9715ce94ba,146,1724657685,add_to_cart
d320ec8c-8e40-4043-858c-18d6ce273856,137,1724538866,view
d810606a-a7ea-4a39-94f3-1c4272def868,184,1724818647,purchase
045bb5a6-bc1b-4e26-bafc-b6914048b4cd,47,1724976151,like
f71618c1-7096-4d0c-bfb0-eda13ff2a2ff,110,1724568597,purchase
ed3908c0-3ebd-48fe-81ab-9ec7391da450,176,1724807648,add_to_cart
d810606a-a7ea-4a39-94f3-1c4272def868,130,1725028754,like
859d4ff8-041a-41cb-8868-178a48fd55c8,68,1724824996,view
ab8f3121-9024-46aa-9cc9-f924e8c7a94e,34,1725263119,like
c199c771-95e4-4eef-b5f8-6852e92ba635,127,1725246790,purchase
f5ad8a0c-1226-4637-84de-f06b6b20a59d,64,1725068154,click
045bb5a6-bc1b-4e26-bafc-b6914048b4cd,86,1724578870,view
c7ccc984-efbd-4193-931c-3092ff5815ae,169,1724675708,like
1e8e2ae4-8a9c-4d27-bbc5-80b83b34dcf7,78,1725237109,purchase
ab8f3121-9024-46aa-9cc9-f924e8c7a94e,126,1724565184,like
29c0d439-efb9-477d-822d-bda0468c76bb,66,1724762543,like
d9204ee5-9ecd-49f1-8e1c-a7d55d5517be,95,1724618650,like
045bb5a6-bc1b-4e26-bafc-b6914048b4cd,139,1725401099,purchase
f4acc51e-2359-4979-aa5c-2a60aed8fd4f,130,1724517020,purchase
f5ad8a0c-1226-4637-84de-f06b6b20a59d,93,1725251715,add_to_cart
b8019154-a11c-420d-ab25-cc8e49c2793f,159,1724841340,purchase
d9204ee5-9ecd-49f1-8e1c-a7d55d5517be,178,1725256671,view
c7ccc984-efbd-4193-931c-3092ff5815ae,140,1724762290,purchase
29c0d439-efb9-477d-822d-bda0468c76bb,9,1725290671,purchase
cc8ce068-0eca-4be8-839a-23094df29556,68,1724567238,purchase
d320ec8c-8e40-4043-858c-18d6ce273856,127,1724937693,add_to_cart
29c0d439-efb9-477d-822d-bda0468c76bb,81,1724548549,like
1e8e2ae4-8a9c-4d27-bbc5-80b83b34dcf7,68,1724974996,view
a86c9009-f901-4b04-9c99-c82198357938,99,1724687006,like
ed3908c0-3ebd-48fe-81ab-9ec7391da450,174,1724887894,purchase
9d8690c1-fee4-42bc-8402-c340121aa270,142,1724961520,view
c7ccc984-efbd-4193-931c-3092ff5815ae,52,1725076780,add_to_cart
2d48249c-030a-4025-b8fe-8e42615f31e2,189,1724627944,add_to_cart
1e8e2ae4-8a9c-4d27-bbc5-80b83b34dcf7,92,1724579729,add_to_cart
5e8d463c-8a5f-48c8-b7cd-3cceb93d2993,126,1725109996,add_to_cart
f4acc51e-2359-4979-aa5c-2a60aed8fd4f,79,1725253007,purchase
045bb5a6-bc1b-4e26-bafc-b6914048b4cd,151,1725455948,click
ed3908c0-3ebd-48fe-81ab-9ec7391da450,145,1724681084,like
5e8d463c-8a5f-48c8-b7cd-3cceb93d2993,103,1725450172,click
c7ccc984-efbd-4193-931c-3092ff5815ae,61,1725067625,click
1e8e2ae4-8a9c-4d27-bbc5-80b83b34dcf7,80,1725180566,view
c199c771-95e4-4eef-b5f8-6852e92ba635,119,1725462588,view
2d48249c-030a-4025-b8fe-8e42615f31e2,166,1725163266,click
045bb5a6-bc1b-4e26-bafc-b6914048b4cd,173,1725082322,add_to_cart
c199c771-95e4-4eef-b5f8-6852e92ba635,139,1724841580,purchase
d320ec8c-8e40-4043-858c-18d6ce273856,173,1725129167,view
f5ad8a0c-1226-4637-84de-f06b6b20a59d,185,1724843820,click
cc8ce068-0eca-4be8-839a-23094df29556,49,1724570433,click
c199c771-95e4-4eef-b5f8-6852e92ba635,111,1725363303,click
00257e6a-fc8e-4f63-9cec-2390b53817e0,110,1724918082,like
c7ccc984-efbd-4193-931c-3092ff5815ae,26,1725090604,add_to_cart
c64aefeb-edbc-4f5c-8f7e-9a7e19960439,98,1724595078,view
d320ec8c-8e40-4043-858c-18d6ce273856,170,1725262985,purchase
c7ccc984-efbd-4193-931c-3092ff5815ae,145,1725398752,like
a16d03e1-d38a-46ca-ace9-fd9715ce94ba,26,1724911233,click
d320ec8c-8e40-4043-858c-18d6ce273856,124,1725042647,purchase
045bb5a6-bc1b-4e26-bafc-b6914048b4cd,168,1724530201,add_to_cart
f71618c1-7096-4d0c-bfb0-eda13ff2a2ff,79,1725388671,purchase
c7ccc984-efbd-4193-931c-3092ff5815ae,44,1724571096,like
cc8ce068-0eca-4be8-839a-23094df29556,67,1725427627,add_to_cart
5e8d463c-8a5f-48c8-b7cd-3cceb93d2993,84,1725151837,click
ed3908c0-3ebd-48fe-81ab-9ec7391da450,171,1725244326,click
c7ccc984-efbd-4193-931c-3092ff5815ae,26,1724943012,add_to_cart
8975d6c7-26f1-4473-8b72-50d75e47a033,64,1725334358,view
f71618c1-7096-4d0c-bfb0-eda13ff2a2ff,61,1724570236,click
1e8e2ae4-8a9c-4d27-bbc5-80b83b34dcf7,43,1724950691,click
0f300731-82b4-428e-b00e-6f3bcce6091e,152,1725287209,add_to_cart
d9204ee5-9ecd-49f1-8e1c-a7d55d5517be,181,1724834774,add_to_cart
ed3908c0-3ebd-48fe-81ab-9ec7391da450,42,1725288805,click
d9204ee5-9ecd-49f1-8e1c-a7d55d5517be,93,1725476288,add_to_cart
29c0d439-efb9-477d-822d-bda0468c76bb,36,1725422960,click
d320ec8c-8e40-4043-858c-18d6ce273856,57,1724872190,add_to_cart
c199c771-95e4-4eef-b5f8-6852e92ba635,86,1725287392,click
c64aefeb-edbc-4f5c-8f7e-9a7e19960439,69,1724858315,like
cc8ce068-0eca-4be8-839a-23094df29556,26,1725247297,purchase
859d4ff8-041a-41cb-8868-178a48fd55c8,75,1724529674,like
d320ec8c-8e40-4043-858c-18d6ce273856,114,1724614138,purchase
c7ccc984-efbd-4193-931c-3092ff5815ae,80,1725053964,like
0f300731-82b4-428e-b00e-6f3bcce6091e,12,1725481769,purchase
cc8ce068-0eca-4be8-839a-23094df29556,107,1725500007,view
9d8690c1-fee4-42bc-8402-c340121aa270,68,1724718575,like
f4acc51e-2359-4979-aa5c-2a60aed8fd4f,66,1725149106,add_to_cart
d810606a-a7ea-4a39-94f3-1c4272def868,169,1725292538,add_to_cart
d320ec8c-8e40-4043-858c-18d6ce273856,57,1725263069,add_to_cart
c7ccc984-efbd-4193-931c-3092ff5815ae,176,1724701316,view
f5ad8a0c-1226-4637-84de-f06b6b20a59d,15,1725474227,view
ab8f3121-9024-46aa-9cc9-f924e8c7a94e,9,1724648311,purchase
f4acc51e-2359-4979-aa5c-2a60aed8fd4f,59,1725423736,add_to_cart
b8019154-a11c-420d-ab25-cc8e49c2793f,65,1725082429,add_to_cart
29c0d439-efb9-477d-822d-bda0468c76bb,90,1724702035,purchase
a16d03e1-d38a-46ca-ace9-fd9715ce94ba,185,1724997430,view
d9204ee5-9ecd-49f1-8e1c-a7d55d5517be,97,1724543147,click
f71618c1-7096-4d0c-bfb0-eda13ff2a2ff,189,1725354584,click
d9204ee5-9ecd-49f1-8e1c-a7d55d5517be,30,1724584382,view
8975d6c7-26f1-4473-8b72-50d75e47a033,145,1724522052,view
ab8f3121-9024-46aa-9cc9-f924e8c7a94e,154,1725063325,add_to_cart
8975d6c7-26f1-4473-8b72-50d75e47a033,172,1725185455,purchase
1e8e2ae4-8a9c-4d27-bbc5-80b83b34dcf7,6,1724837189,add_to_cart
cc8ce068-0eca-4be8-839a-23094df29556,172,1724828477,purchase
0f300731-82b4-428e-b00e-6f3bcce6091e,93,1725485055,click
9d8690c1-fee4-42bc-8402-c340121aa270,157,1724526759,view
d9204ee5-9ecd-49f1-8e1c-a7d55d5517be,108,1724611253,purchase
d9204ee5-9ecd-49f1-8e1c-a7d55d5517be,100,1725077202,view
045bb5a6-bc1b-4e26-bafc-b6914048b4cd,44,1725092907,purchase
ab8f3121-9024-46aa-9cc9-f924e8c7a94e,39,1725267838,purchase
f5ad8a0c-1226-4637-84de-f06b6b20a59d,177,1725145483,add_to_cart
a16d03e1-d38a-46ca-ace9-fd9715ce94ba,116,1725056688,view
2d48249c-030a-4025-b8fe-8e42615f31e2,47,1725337448,add_to_cart
8975d6c7-26f1-4473-8b72-50d75e47a033,59,1724743633,purchase
29c0d439-efb9-477d-822d-bda0468c76bb,75,1725405147,view
cc8ce068-0eca-4be8-839a-23094df29556,64,1725414420,add_to_cart
8975d6c7-26f1-4473-8b72-50d75e47a033,48,1725395462,like
0f300731-82b4-428e-b00e-6f3bcce6091e,174,1725140433,like
ab8f3121-9024-46aa-9cc9-f924e8c7a94e,1,1725096557,view
f5ad8a0c-1226-4637-84de-f06b6b20a59d,150,1725202528,add_to_cart
cc8ce068-0eca-4be8-839a-23094df29556,137,1724853723,add_to_cart
8975d6c7-26f1-4473-8b72-50d75e47a033,125,1725291304,add_to_cart
c64aefeb-edbc-4f5c-8f7e-9a7e19960439,51,1724980058,like
d810606a-a7ea-4a39-94f3-1c4272def868,118,1724717930,like
5e8d463c-8a5f-48c8-b7cd-3cceb93d2993,85,1725198694,like
f4acc51e-2359-4979-aa5c-2a60aed8fd4f,11,1724549575,purchase
a16d03e1-d38a-46ca-ace9-fd9715ce94ba,52,1725300444,view
00257e6a-fc8e-4f63-9cec-2390b53817e0,88,1724996380,view
1e8e2ae4-8a9c-4d27-bbc5-80b83b34dcf7,50,1724714355,purchase
f5ad8a0c-1226-4637-84de-f06b6b20a59d,37,1725190852,purchase
f5ad8a0c-1226-4637-84de-f06b6b20a59d,145,1724888874,click
a86c9009-f901-4b04-9c99-c82198357938,18,1725426694,view
00257e6a-fc8e-4f63-9cec-2390b53817e0,159,1724876571,view
d320ec8c-8e40-4043-858c-18d6ce273856,48,1724975290,purchase
d9204ee5-9ecd-49f1-8e1c-a7d55d5517be,152,1724680145,view
045bb5a6-bc1b-4e26-bafc-b6914048b4cd,80,1724540420,like
00257e6a-fc8e-4f63-9cec-2390b53817e0,139,1724912541,purchase
f5ad8a0c-1226-4637-84de-f06b6b20a59d,60,1725362816,click
b8019154-a11c-420d-ab25-cc8e49c2793f,13,1725247718,click
5e8d463c-8a5f-48c8-b7cd-3cceb93d2993,37,1725117266,view
d320ec8c-8e40-4043-858c-18d6ce273856,151,1725341931,view
29c0d439-efb9-477d-822d-bda0468c76bb,169,1725360326,view
f71618c1-7096-4d0c-bfb0-eda13ff2a2ff,46,1724899246,click
5e8d463c-8a5f-48c8-b7cd-3cceb93d2993,162,1724746023,like
a86c9009-f901-4b04-9c99-c82198357938,47,1725049181,purchase
c199c771-95e4-4eef-b5f8-6852e92ba635,145,1725063172,add_to_cart
859d4ff8-041a-41cb-8868-178a48fd55c8,114,1725178219,add_to_cart
859d4ff8-041a-41cb-8868-178a48fd55c8,51,1725285290,view
a16d03e1-d38a-46ca-ace9-fd9715ce94ba,124,1725456781,add_to_cart
f4acc51e-2359-4979-aa5c-2a60aed8fd4f,127,1725394095,add_to_cart
d810606a-a7ea-4a39-94f3-1c4272def868,39,1725458383,add_to_cart
c7ccc984-efbd-4193-931c-3092ff5815ae,178,1724824209,add_to_cart
ed3908c0-3ebd-48fe-81ab-9ec7391da450,20,1725489642,purchase
c7ccc984-efbd-4193-931c-3092ff5815ae,32,1725387356,click
c7ccc984-efbd-4193-931c-3092ff5815ae,58,1725150768,purchase
859d4ff8-041a-41cb-8868-178a48fd55c8,18,1724970607,add_to_cart
a86c9009-f901-4b04-9c99-c82198357938,39,1724859239,like
1e8e2ae4-8a9c-4d27-bbc5-80b83b34dcf7,13,1725265863,purchase
0f300731-82b4-428e-b00e-6f3bcce6091e,163,1725265066,click
f5ad8a0c-1226-4637-84de-f06b6b20a59d,50,1724566919,add_to_cart
f4acc51e-2359-4979-aa5c-2a60aed8fd4f,185,1725495944,like
00257e6a-fc8e-4f63-9cec-2390b53817e0,69,1725365538,view
f71618c1-7096-4d0c-bfb0-eda13ff2a2ff,70,1724918902,click
d810606a-a7ea-4a39-94f3-1c4272def868,153,1724642234,purchase
b8019154-a11c-420d-ab25-cc8e49c2793f,184,1725240730,view
f5ad8a0c-1226-4637-84de-f06b6b20a59d,118,1724953593,click
d320ec8c-8e40-4043-858c-18d6ce273856,168,1725177727,add_to_cart
f5ad8a0c-1226-4637-84de-f06b6b20a59d,184,1724947317,click
c7ccc984-efbd-4193-931c-3092ff5815ae,140,1724749658,click
9d8690c1-fee4-42bc-8402-c340121aa270,164,1724648959,like
f71618c1-7096-4d0c-bfb0-eda13ff2a2ff,111,1724604133,add_to_cart
2d48249c-030a-4025-b8fe-8e42615f31e2,9,1724786564,view
859d4ff8-041a-41cb-8868-178a48fd55c8,110,1724532172,like
c199c771-95e4-4eef-b5f8-6852e92ba635,17,1724727417,click
00257e6a-fc8e-4f63-9cec-2390b53817e0,106,1725207117,like
f71618c1-7096-4d0c-bfb0-eda13ff2a2ff,148,1725357900,like
f71618c1-7096-4d0c-bfb0-eda13ff2a2ff,32,1725133562,click
c7ccc984-efbd-4193-931c-3092ff5815ae,113,1725330944,purchase
ed3908c0-3ebd-48fe-81ab-9ec7391da450,28,1725118001,purchase
d810606a-a7ea-4a39-94f3-1c4272def868,121,1724608136,add_to_cart
ed3908c0-3ebd-48fe-81ab-9ec7391da450,77,1724602905,like
b8019154-a11c-420d-ab25-cc8e49c2793f,149,1724606823,like
c199c771-95e4-4eef-b5f8-6852e92ba635,96,1724715591,click
d9204ee5-9ecd-49f1-8e1c-a7d55d5517be,178,1724989214,add_to_cart
859d4ff8-041a-41cb-8868-178a48fd55c8,66,1724742399,view
c199c771-95e4-4eef-b5f8-6852e92ba635,2,1724977038,purchase
00257e6a-fc8e-4f63-9cec-2390b53817e0,64,1724631239,like
2d48249c-030a-4025-b8fe-8e42615f31e2,158,1724903101,view
5e8d463c-8a5f-48c8-b7cd-3cceb93d2993,88,1724519937,like
d320ec8c-8e40-4043-858c-18d6ce273856,6,1724713988,click
a16d03e1-d38a-46ca-ace9-fd9715ce94ba,175,1724603006,purchase
9d8690c1-fee4-42bc-8402-c340121aa270,105,1725180226,view
ab8f3121-9024-46aa-9cc9-f924e8c7a94e,155,1725197783,add_to_cart
c7ccc984-efbd-4193-931c-3092ff5815ae,125,1725171213,like
cc8ce068-0eca-4be8-839a-23094df29556,83,1725135408,like
d810606a-a7ea-4a39-94f3-1c4272def868,189,1725033975,purchase
0f300731-82b4-428e-b00e-6f3bcce6091e,117,1725038894,add_to_cart
d320ec8c-8e40-4043-858c-18d6ce273856,84,1725101658,like
a16d03e1-d38a-46ca-ace9-fd9715ce94ba,69,1725447532,add_to_cart
cc8ce068-0eca-4be8-839a-23094df29556,125,1725193486,click
c7ccc984-efbd-4193-931c-3092ff5815ae,174,1724857084,like
a16d03e1-d38a-46ca-ace9-fd9715ce94ba,2,1725481473,purchase
a16d03e1-d38a-46ca-ace9-fd9715ce94ba,174,1724550908,like
a16d03e1-d38a-46ca-ace9-fd9715ce94ba,179,1724884839,add_to_cart
f5ad8a0c-1226-4637-84de-f06b6b20a59d,173,1724695658,like
2d48249c-030a-4025-b8fe-8e42615f31e2,152,1725088184,add_to_cart
d320ec8c-8e40-4043-858c-18d6ce273856,53,1725098015,like
ed3908c0-3ebd-48fe-81ab-9ec7391da450,165,1725287771,click
f5ad8a0c-1226-4637-84de-f06b6b20a59d,29,1724713437,like
d810606a-a7ea-4a39-94f3-1c4272def868,177,1725206700,add_to_cart
a86c9009-f901-4b04-9c99-c82198357938,155,1724937031,add_to_cart
b8019154-a11c-420d-ab25-cc8e49c2793f,123,1724798580,click
a86c9009-f901-4b04-9c99-c82198357938,85,1725354631,view
a16d03e1-d38a-46ca-ace9-fd9715ce94ba,123,1724882355,view
f71618c1-7096-4d0c-bfb0-eda13ff2a2ff,186,1724793407,add_to_cart
cc8ce068-0eca-4be8-839a-23094df29556,69,1724962070,add_to_cart
ab8f3121-9024-46aa-9cc9-f924e8c7a94e,34,1724528496,add_to_cart
a86c9009-f901-4b04-9c99-c82198357938,72,1725235159,purchase
d9204ee5-9ecd-49f1-8e1c-a7d55d5517be,71,1725133213,like
f5ad8a0c-1226-4637-84de-f06b6b20a59d,71,1725342464,purchase
5e8d463c-8a5f-48c8-b7cd-3cceb93d2993,89,1724954982,click
859d4ff8-041a-41cb-8868-178a48fd55c8,103,1725332021,click
a16d03e1-d38a-46ca-ace9-fd9715ce94ba,59,1725206984,purchase
b8019154-a11c-420d-ab25-cc8e49c2793f,150,1724629763,purchase
2d48249c-030a-4025-b8fe-8e42615f31e2,152,1724702314,view
f5ad8a0c-1226-4637-84de-f06b6b20a59d,181,1725195178,add_to_cart
c7ccc984-efbd-4193-931c-3092ff5815ae,154,1725146925,click
f5ad8a0c-1226-4637-84de-f06b6b20a59d,34,1725012002,purchase
f5ad8a0c-1226-4637-84de-f06b6b20a59d,58,1724589585,view
a16d03e1-d38a-46ca-ace9-fd9715ce94ba,14,1725269902,view
d9204ee5-9ecd-49f1-8e1c-a7d55d5517be,63,1724520730,purchase
a86c9009-f901-4b04-9c99-c82198357938,112,1724995069,purchase
a16d03e1-d38a-46ca-ace9-fd9715ce94ba,141,1725155099,view
c7ccc984-efbd-4193-931c-3092ff5815ae,136,1724973548,add_to_cart
ed3908c0-3ebd-48fe-81ab-9ec7391da450,114,1725097264,add_to_cart
a86c9009-f901-4b04-9c99-c82198357938,33,1724525424,click
9d8690c1-fee4-42bc-8402-c340121aa270,126,1724822690,purchase
a86c9009-f901-4b04-9c99-c82198357938,39,1725279304,like
f71618c1-7096-4d0c-bfb0-eda13ff2a2ff,100,1725194775,add_to_cart
a16d03e1-d38a-46ca-ace9-fd9715ce94ba,80,1725279542,like
f71618c1-7096-4d0c-bfb0-eda13ff2a2ff,182,1724689811,purchase
d320ec8c-8e40-4043-858c-18d6ce273856,23,1725167692,click
9d8690c1-fee4-42bc-8402-c340121aa270,10,1724707888,click
9d8690c1-fee4-42bc-8402-c340121aa270,50,1724520836,click
d9204ee5-9ecd-49f1-8e1c-a7d55d5517be,43,1725158043,like
d9204ee5-9ecd-49f1-8e1c-a7d55d5517be,14,1724873258,like
ab8f3121-9024-46aa-9cc9-f924e8c7a94e,56,1724762985,click
859d4ff8-041a-41cb-8868-178a48fd55c8,163,1724794068,add_to_cart
d9204ee5-9ecd-49f1-8e1c-a7d55d5517be,148,1724632556,like
c64aefeb-edbc-4f5c-8f7e-9a7e19960439,9,1724586125,click
ed3908c0-3ebd-48fe-81ab-9ec7391da450,97,1725046276,add_to_cart
c64aefeb-edbc-4f5c-8f7e-9a7e19960439,175,1724650326,like
0f300731-82b4-428e-b00e-6f3bcce6091e,142,1724777126,click
f5ad8a0c-1226-4637-84de-f06b6b20a59d,81,1725502174,like
d810606a-a7ea-4a39-94f3-1c4272def868,62,1725439693,add_to_cart
a86c9009-f901-4b04-9c99-c82198357938,22,1724964480,add_to_cart
1e8e2ae4-8a9c-4d27-bbc5-80b83b34dcf7,187,1725212515,add_to_cart
c64aefeb-edbc-4f5c-8f7e-9a7e19960439,29,1724853671,add_to_cart
c7ccc984-efbd-4193-931c-3092ff5815ae,105,1725348428,view
00257e6a-fc8e-4f63-9cec-2390b53817e0,180,1724532293,add_to_cart
d810606a-a7ea-4a39-94f3-1c4272def868,113,1725219152,add_to_cart
9d8690c1-fee4-42bc-8402-c340121aa270,186,1725294326,add_to_cart
f4acc51e-2359-4979-aa5c-2a60aed8fd4f,96,1725396218,click
00257e6a-fc8e-4f63-9cec-2390b53817e0,114,1725451242,add_to_cart
c199c771-95e4-4eef-b5f8-6852e92ba635,143,1724683642,view
d320ec8c-8e40-4043-858c-18d6ce273856,16,1725016716,view
c199c771-95e4-4eef-b5f8-6852e92ba635,90,1725313611,click
ab8f3121-9024-46aa-9cc9-f924e8c7a94e,155,1724984844,view
ab8f3121-9024-46aa-9cc9-f924e8c7a94e,176,1724606761,click
b8019154-a11c-420d-ab25-cc8e49c2793f,117,1724576416,like
a16d03e1-d38a-46ca-ace9-fd9715ce94ba,176,1725159548,add_to_cart
9d8690c1-fee4-42bc-8402-c340121aa270,82,1724517004,purchase
9d8690c1-fee4-42bc-8402-c340121aa270,131,1725348451,like
00257e6a-fc8e-4f63-9cec-2390b53817e0,103,1724687424,add_to_cart
a16d03e1-d38a-46ca-ace9-fd9715ce94ba,87,1725491434,purchase
045bb5a6-bc1b-4e26-bafc-b6914048b4cd,5,1724708681,view
1e8e2ae4-8a9c-4d27-bbc5-80b83b34dcf7,169,1725082876,click
2d48249c-030a-4025-b8fe-8e42615f31e2,188,1724929822,like
ab8f3121-9024-46aa-9cc9-f924e8c7a94e,147,1725501333,like
a16d03e1-d38a-46ca-ace9-fd9715ce94ba,131,1725204683,like
a86c9009-f901-4b04-9c99-c82198357938,180,1725281685,view
9d8690c1-fee4-42bc-8402-c340121aa270,101,1724608664,click
c64aefeb-edbc-4f5c-8f7e-9a7e19960439,25,1724963577,view
c199c771-95e4-4eef-b5f8-6852e92ba635,56,1725404856,click
00257e6a-fc8e-4f63-9cec-2390b53817e0,149,1724981137,add_to_cart
d9204ee5-9ecd-49f1-8e1c-a7d55d5517be,149,1725387220,add_to_cart
d9204ee5-9ecd-49f1-8e1c-a7d55d5517be,83,1724794978,like
d9204ee5-9ecd-49f1-8e1c-a7d55d5517be,24,1725421173,like
ab8f3121-9024-46aa-9cc9-f924e8c7a94e,49,1724972618,view
ed3908c0-3ebd-48fe-81ab-9ec7391da450,27,1724756546,add_to_cart
c7ccc984-efbd-4193-931c-3092ff5815ae,155,1725160971,like
1e8e2ae4-8a9c-4d27-bbc5-80b83b34dcf7,108,1724930689,purchase
cc8ce068-0eca-4be8-839a-23094df29556,190,1725317302,like
c7ccc984-efbd-4193-931c-3092ff5815ae,99,1725069768,like
d320ec8c-8e40-4043-858c-18d6ce273856,182,1725110808,like
a86c9009-f901-4b04-9c99-c82198357938,147,1725161882,purchase
00257e6a-fc8e-4f63-9cec-2390b53817e0,6,1724746561,like
859d4ff8-041a-41cb-8868-178a48fd55c8,30,1724808530,purchase
9d8690c1-fee4-42bc-8402-c340121aa270,153,1724703869,like
d9204ee5-9ecd-49f1-8e1c-a7d55d5517be,129,1724563801,view
9d8690c1-fee4-42bc-8402-c340121aa270,102,1724732417,like
f5ad8a0c-1226-4637-84de-f06b6b20a59d,64,1724965926,like
c64aefeb-edbc-4f5c-8f7e-9a7e19960439,158,1725222818,click
ab8f3121-9024-46aa-9cc9-f924e8c7a94e,122,1724570478,click
1e8e2ae4-8a9c-4d27-bbc5-80b83b34dcf7,10,1725451158,purchase
d9204ee5-9ecd-49f1-8e1c-a7d55d5517be,124,1724971822,purchase
b8019154-a11c-420d-ab25-cc8e49c2793f,176,1725110070,view
f5ad8a0c-1226-4637-84de-f06b6b20a59d,123,1725485109,view
5e8d463c-8a5f-48c8-b7cd-3cceb93d2993,135,1725061927,click
0f300731-82b4-428e-b00e-6f3bcce6091e,152,1725069814,click
d9204ee5-9ecd-49f1-8e1c-a7d55d5517be,138,1724570991,view
a16d03e1-d38a-46ca-ace9-fd9715ce94ba,92,1724653185,like
c199c771-95e4-4eef-b5f8-6852e92ba635,178,1725255533,view
8975d6c7-26f1-4473-8b72-50d75e47a033,184,1724813131,view
b8019154-a11c-420d-ab25-cc8e49c2793f,73,1724904002,purchase
d810606a-a7ea-4a39-94f3-1c4272def868,153,1724958116,like
c199c771-95e4-4eef-b5f8-6852e92ba635,173,1725499458,click
8975d6c7-26f1-4473-8b72-50d75e47a033,89,1724942635,like
2d48249c-030a-4025-b8fe-8e42615f31e2,188,1725178446,click
c199c771-95e4-4eef-b5f8-6852e92ba635,71,1725080521,add_to_cart
00257e6a-fc8e-4f63-9cec-2390b53817e0,43,1725132961,add_to_cart
0f300731-82b4-428e-b00e-6f3bcce6091e,163,1725043973,purchase
c199c771-95e4-4eef-b5f8-6852e92ba635,83,1725193268,add_to_cart
c64aefeb-edbc-4f5c-8f7e-9a7e19960439,112,1725106691,click
2d48249c-030a-4025-b8fe-8e42615f31e2,10,1725263065,like
c199c771-95e4-4eef-b5f8-6852e92ba635,149,1725055655,add_to_cart
c7ccc984-efbd-4193-931c-3092ff5815ae,136,1724825720,add_to_cart
b8019154-a11c-420d-ab25-cc8e49c2793f,67,1724819333,add_to_cart
2d48249c-030a-4025-b8fe-8e42615f31e2,189,1725396657,view
f5ad8a0c-1226-4637-84de-f06b6b20a59d,64,1725167477,like
29c0d439-efb9-477d-822d-bda0468c76bb,79,1724511434,view
a86c9009-f901-4b04-9c99-c82198357938,28,1725283419,like
2d48249c-030a-4025-b8fe-8e42615f31e2,154,1725326821,view
d320ec8c-8e40-4043-858c-18d6ce273856,134,1725379289,view
a86c9009-f901-4b04-9c99-c82198357938,19,1724900538,add_to_cart
00257e6a-fc8e-4f63-9cec-2390b53817e0,23,1724516560,purchase
b8019154-a11c-420d-ab25-cc8e49c2793f,50,1724745728,add_to_cart
5e8d463c-8a5f-48c8-b7cd-3cceb93d2993,71,1725113581,click
d810606a-a7ea-4a39-94f3-1c4272def868,188,1725009317,click
ab8f3121-9024-46aa-9cc9-f924e8c7a94e,130,1725502861,like
29c0d439-efb9-477d-822d-bda0468c76bb,152,1725402692,purchase
29c0d439-efb9-477d-822d-bda0468c76bb,9,1725067725,click
c199c771-95e4-4eef-b5f8-6852e92ba635,43,1725447084,view
29c0d439-efb9-477d-822d-bda0468c76bb,161,1724966693,click
b8019154-a11c-420d-ab25-cc8e49c2793f,128,1724849957,view
8975d6c7-26f1-4473-8b72-50d75e47a033,89,1725060946,view
ab8f3121-9024-46aa-9cc9-f924e8c7a94e,54,1724582340,purchase
1e8e2ae4-8a9c-4d27-bbc5-80b83b34dcf7,82,1724803972,purchase
ab8f3121-9024-46aa-9cc9-f924e8c7a94e,162,1725201186,click
0f300731-82b4-428e-b00e-6f3bcce6091e,142,1725086691,click
859d4ff8-041a-41cb-8868-178a48fd55c8,6,1724552314,view
d9204ee5-9ecd-49f1-8e1c-a7d55d5517be,29,1725079967,view
c199c771-95e4-4eef-b5f8-6852e92ba635,21,1725095765,purchase
8975d6c7-26f1-4473-8b72-50d75e47a033,96,1724666599,click
2d48249c-030a-4025-b8fe-8e42615f31e2,169,1724850604,like
b8019154-a11c-420d-ab25-cc8e49c2793f,96,1724837754,like
c7ccc984-efbd-4193-931c-3092ff5815ae,170,1725416109,add_to_cart
cc8ce068-0eca-4be8-839a-23094df29556,2,1724742382,click
c199c771-95e4-4eef-b5f8-6852e92ba635,92,1725447680,add_to_cart
2d48249c-030a-4025-b8fe-8e42615f31e2,7,1724697385,purchase
f4acc51e-2359-4979-aa5c-2a60aed8fd4f,180,1724620412,purchase
ed3908c0-3ebd-48fe-81ab-9ec7391da450,150,1725307169,add_to_cart
2d48249c-030a-4025-b8fe-8e42615f31e2,49,1725272226,like
d9204ee5-9ecd-49f1-8e1c-a7d55d5517be,57,1725063052,click
ab8f3121-9024-46aa-9cc9-f924e8c7a94e,163,1724724189,like
00257e6a-fc8e-4f63-9cec-2390b53817e0,165,1724569941,view
859d4ff8-041a-41cb-8868-178a48fd55c8,39,1724572867,click
a16d03e1-d38a-46ca-ace9-fd9715ce94ba,103,1724635934,click
00257e6a-fc8e-4f63-9cec-2390b53817e0,5,1725146688,view
29c0d439-efb9-477d-822d-bda0468c76bb,149,1724741782,add_to_cart
cc8ce068-0eca-4be8-839a-23094df29556,73,1725072726,add_to_cart
1e8e2ae4-8a9c-4d27-bbc5-80b83b34dcf7,58,1724827148,view
f4acc51e-2359-4979-aa5c-2a60aed8fd4f,190,1725122756,add_to_cart
29c0d439-efb9-477d-822d-bda0468c76bb,110,1724594821,view
0f300731-82b4-428e-b00e-6f3bcce6091e,131,1724684242,add_to_cart
b8019154-a11c-420d-ab25-cc8e49c2793f,11,1724665392,purchase
d9204ee5-9ecd-49f1-8e1c-a7d55d5517be,61,1724574404,view
c7ccc984-efbd-4193-931c-3092ff5815ae,89,1725127581,click
8975d6c7-26f1-4473-8b72-50d75e47a033,169,1725066811,add_to_cart
b8019154-a11c-420d-ab25-cc8e49c2793f,104,1725450152,like
a16d03e1-d38a-46ca-ace9-fd9715ce94ba,117,1724672725,add_to_cart
5e8d463c-8a5f-48c8-b7cd-3cceb93d2993,115,1725178484,add_to_cart
c199c771-95e4-4eef-b5f8-6852e92ba635,5,1724820632,add_to_cart
1e8e2ae4-8a9c-4d27-bbc5-80b83b34dcf7,70,1725108015,like
d810606a-a7ea-4a39-94f3-1c4272def868,139,1724942988,click
c7ccc984-efbd-4193-931c-3092ff5815ae,101,1725272653,add_to_cart
1e8e2ae4-8a9c-4d27-bbc5-80b83b34dcf7,61,1724893067,click
c64aefeb-edbc-4f5c-8f7e-9a7e19960439,132,1724987475,view
0f300731-82b4-428e-b00e-6f3bcce6091e,153,1725214496,purchase
d320ec8c-8e40-4043-858c-18d6ce273856,65,1725364248,add_to_cart
c7ccc984-efbd-4193-931c-3092ff5815ae,95,1725261303,purchase
a16d03e1-d38a-46ca-ace9-fd9715ce94ba,180,1725193760,purchase
c199c771-95e4-4eef-b5f8-6852e92ba635,38,1724697190,view
d9204ee5-9ecd-49f1-8e1c-a7d55d5517be,159,1724515905,like
ab8f3121-9024-46aa-9cc9-f924e8c7a94e,8,1724723041,like
045bb5a6-bc1b-4e26-bafc-b6914048b4cd,173,1724787496,click
b8019154-a11c-420d-ab25-cc8e49c2793f,104,1725297493,add_to_cart
f4acc51e-2359-4979-aa5c-2a60aed8fd4f,102,1725198602,add_to_cart
ab8f3121-9024-46aa-9cc9-f924e8c7a94e,131,1725454206,view
045bb5a6-bc1b-4e26-bafc-b6914048b4cd,37,1725183085,click
f5ad8a0c-1226-4637-84de-f06b6b20a59d,42,1724856272,purchase
cc8ce068-0eca-4be8-839a-23094df29556,15,1724556011,click
f4acc51e-2359-4979-aa5c-2a60aed8fd4f,139,1724847511,view
ab8f3121-9024-46aa-9cc9-f924e8c7a94e,91,1724705524,add_to_cart
ed3908c0-3ebd-48fe-81ab-9ec7391da450,156,1724857600,view
c7ccc984-efbd-4193-931c-3092ff5815ae,98,1725183991,view
9d8690c1-fee4-42bc-8402-c340121aa270,37,1725041582,view
0f300731-82b4-428e-b00e-6f3bcce6091e,136,1725088046,purchase
045bb5a6-bc1b-4e26-bafc-b6914048b4cd,16,1725343632,purchase
5e8d463c-8a5f-48c8-b7cd-3cceb93d2993,179,1724743009,like
f71618c1-7096-4d0c-bfb0-eda13ff2a2ff,81,1724652361,add_to_cart
c64aefeb-edbc-4f5c-8f7e-9a7e19960439,187,1725347570,purchase
f71618c1-7096-4d0c-bfb0-eda13ff2a2ff,6,1725289057,click
2d48249c-030a-4025-b8fe-8e42615f31e2,95,1725287956,add_to_cart
0f300731-82b4-428e-b00e-6f3bcce6091e,59,1724642600,add_to_cart
ab8f3121-9024-46aa-9cc9-f924e8c7a94e,80,1725138960,click
f4acc51e-2359-4979-aa5c-2a60aed8fd4f,67,1725492345,add_to_cart
d810606a-a7ea-4a39-94f3-1c4272def868,172,1725330875,like
c199c771-95e4-4eef-b5f8-6852e92ba635,74,1724621140,click
2d48249c-030a-4025-b8fe-8e42615f31e2,94,1725415942,view
b8019154-a11c-420d-ab25-cc8e49c2793f,73,1724570952,add_to_cart
8975d6c7-26f1-4473-8b72-50d75e47a033,15,1725103641,like
00257e6a-fc8e-4f63-9cec-2390b53817e0,103,1724538020,add_to_cart
d810606a-a7ea-4a39-94f3-1c4272def868,75,1724587750,purchase
8975d6c7-26f1-4473-8b72-50d75e47a033,36,1725353114,add_to_cart
a16d03e1-d38a-46ca-ace9-fd9715ce94ba,104,1724820932,like
d810606a-a7ea-4a39-94f3-1c4272def868,47,1724864156,purchase
045bb5a6-bc1b-4e26-bafc-b6914048b4cd,148,1725322548,view
a86c9009-f901-4b04-9c99-c82198357938,12,1725424072,purchase
cc8ce068-0eca-4be8-839a-23094df29556,2,1724725627,click
a86c9009-f901-4b04-9c99-c82198357938,133,1724559224,like
f71618c1-7096-4d0c-bfb0-eda13ff2a2ff,3,1725261072,purchase
00257e6a-fc8e-4f63-9cec-2390b53817e0,6,1725194983,click
c7ccc984-efbd-4193-931c-3092ff5815ae,31,1724826474,purchase
a16d03e1-d38a-46ca-ace9-fd9715ce94ba,34,1724587414,click
9d8690c1-fee4-42bc-8402-c340121aa270,173,1724732276,click
2d48249c-030a-4025-b8fe-8e42615f31e2,129,1725186608,purchase
d810606a-a7ea-4a39-94f3-1c4272def868,24,1725012746,add_to_cart
0f300731-82b4-428e-b00e-6f3bcce6091e,115,1724647544,like
045bb5a6-bc1b-4e26-bafc-b6914048b4cd,148,1724963648,add_to_cart
1e8e2ae4-8a9c-4d27-bbc5-80b83b34dcf7,128,1724689642,purchase
c7ccc984-efbd-4193-931c-3092ff5815ae,61,1724663978,add_to_cart
5e8d463c-8a5f-48c8-b7cd-3cceb93d2993,135,1724732467,add_to_cart
29c0d439-efb9-477d-822d-bda0468c76bb,183,1724964480,purchase
a86c9009-f901-4b04-9c99-c82198357938,52,1725464488,click
29c0d439-efb9-477d-822d-bda0468c76bb,120,1725306157,add_to_cart
859d4ff8-041a-41cb-8868-178a48fd55c8,157,1724788227,like
a86c9009-f901-4b04-9c99-c82198357938,129,1725041197,purchase
d810606a-a7ea-4a39-94f3-1c4272def868,73,1724647364,purchase
c7ccc984-efbd-4193-931c-3092ff5815ae,175,1725098997,click
045bb5a6-bc1b-4e26-bafc-b6914048b4cd,65,1725206257,purchase
ed3908c0-3ebd-48fe-81ab-9ec7391da450,114,1724548150,add_to_cart
f5ad8a0c-1226-4637-84de-f06b6b20a59d,7,1725247237,add_to_cart
00257e6a-fc8e-4f63-9cec-2390b53817e0,104,1725369196,purchase
c7ccc984-efbd-4193-931c-3092ff5815ae,50,1725208849,click
a86c9009-f901-4b04-9c99-c82198357938,89,1724590209,view
00257e6a-fc8e-4f63-9cec-2390b53817e0,190,1725129888,like
5e8d463c-8a5f-48c8-b7cd-3cceb93d2993,175,1725441139,add_to_cart
d810606a-a7ea-4a39-94f3-1c4272def868,75,1724914525,add_to_cart
d9204ee5-9ecd-49f1-8e1c-a7d55d5517be,148,1724924436,purchase
c64aefeb-edbc-4f5c-8f7e-9a7e19960439,13,1725217220,add_to_cart
d9204ee5-9ecd-49f1-8e1c-a7d55d5517be,183,1725255780,like
b8019154-a11c-420d-ab25-cc8e49c2793f,142,1725487124,view
00257e6a-fc8e-4f63-9cec-2390b53817e0,129,1725269287,view
ed3908c0-3ebd-48fe-81ab-9ec7391da450,156,1725332056,add_to_cart
c199c771-95e4-4eef-b5f8-6852e92ba635,171,1725436690,like
f5ad8a0c-1226-4637-84de-f06b6b20a59d,82,1725150424,purchase
8975d6c7-26f1-4473-8b72-50d75e47a033,47,1725194565,view
5e8d463c-8a5f-48c8-b7cd-3cceb93d2993,98,1724808802,click
29c0d439-efb9-477d-822d-bda0468c76bb,87,1724763830,click
f71618c1-7096-4d0c-bfb0-eda13ff2a2ff,160,1725308876,add_to_cart
f5ad8a0c-1226-4637-84de-f06b6b20a59d,127,1725243302,add_to_cart
00257e6a-fc8e-4f63-9cec-2390b53817e0,94,1724667305,add_to_cart
00257e6a-fc8e-4f63-9cec-2390b53817e0,114,1725269766,view
00257e6a-fc8e-4f63-9cec-2390b53817e0,107,1724774124,click
29c0d439-efb9-477d-822d-bda0468c76bb,122,1725354484,purchase
5e8d463c-8a5f-48c8-b7cd-3cceb93d2993,23,1725373463,purchase
b8019154-a11c-420d-ab25-cc8e49c2793f,117,1725107338,click
f4acc51e-2359-4979-aa5c-2a60aed8fd4f,151,1724978473,like
d810606a-a7ea-4a39-94f3-1c4272def868,157,1724564930,purchase
00257e6a-fc8e-4f63-9cec-2390b53817e0,45,1724993732,like
2d48249c-030a-4025-b8fe-8e42615f31e2,75,1725424986,purchase
2d48249c-030a-4025-b8fe-8e42615f31e2,64,1725340455,add_to_cart
f71618c1-7096-4d0c-bfb0-eda13ff2a2ff,103,1725229385,view
c7ccc984-efbd-4193-931c-3092ff5815ae,55,1724980710,purchase
c7ccc984-efbd-4193-931c-3092ff5815ae,153,1725301217,like
f5ad8a0c-1226-4637-84de-f06b6b20a59d,16,1724514862,purchase
f71618c1-7096-4d0c-bfb0-eda13ff2a2ff,99,1725173088,like
c199c771-95e4-4eef-b5f8-6852e92ba635,55,1724584372,purchase
a16d03e1-d38a-46ca-ace9-fd9715ce94ba,22,1725392102,click
cc8ce068-0eca-4be8-839a-23094df29556,131,1725251631,add_to_cart
ab8f3121-9024-46aa-9cc9-f924e8c7a94e,43,1724520300,purchase
cc8ce068-0eca-4be8-839a-23094df29556,143,1725339854,add_to_cart
cc8ce068-0eca-4be8-839a-23094df29556,83,1725078841,add_to_cart
b8019154-a11c-420d-ab25-cc8e49c2793f,128,1724824270,add_to_cart
b8019154-a11c-420d-ab25-cc8e49c2793f,174,1724858482,like
d9204ee5-9ecd-49f1-8e1c-a7d55d5517be,28,1724841155,click
045bb5a6-bc1b-4e26-bafc-b6914048b4cd,79,1724919325,view
c199c771-95e4-4eef-b5f8-6852e92ba635,179,1725367825,purchase
859d4ff8-041a-41cb-8868-178a48fd55c8,75,1724827920,view
a86c9009-f901-4b04-9c99-c82198357938,84,1724605905,view
1e8e2ae4-8a9c-4d27-bbc5-80b83b34dcf7,65,1724757311,add_to_cart
9d8690c1-fee4-42bc-8402-c340121aa270,139,1725000871,click
5e8d463c-8a5f-48c8-b7cd-3cceb93d2993,158,1724551546,like
ed3908c0-3ebd-48fe-81ab-9ec7391da450,23,1724760733,purchase
f71618c1-7096-4d0c-bfb0-eda13ff2a2ff,56,1724727382,click
c64aefeb-edbc-4f5c-8f7e-9a7e19960439,115,1724961260,purchase
ab8f3121-9024-46aa-9cc9-f924e8c7a94e,69,1724684681,add_to_cart
cc8ce068-0eca-4be8-839a-23094df29556,158,1724756641,add_to_cart
0f300731-82b4-428e-b00e-6f3bcce6091e,140,1724627604,add_to_cart
00257e6a-fc8e-4f63-9cec-2390b53817e0,56,1725121709,view
cc8ce068-0eca-4be8-839a-23094df29556,172,1724672725,view
9d8690c1-fee4-42bc-8402-c340121aa270,149,1724766534,like
d320ec8c-8e40-4043-858c-18d6ce273856,174,1724944025,like
b8019154-a11c-420d-ab25-cc8e49c2793f,31,1725471065,view
00257e6a-fc8e-4f63-9cec-2390b53817e0,52,1725130459,like
f71618c1-7096-4d0c-bfb0-eda13ff2a2ff,78,1724850782,view
c7ccc984-efbd-4193-931c-3092ff5815ae,73,1725380432,add_to_cart
b8019154-a11c-420d-ab25-cc8e49c2793f,58,1724746537,click
0f300731-82b4-428e-b00e-6f3bcce6091e,178,1724630044,add_to_cart
d320ec8c-8e40-4043-858c-18d6ce273856,54,1724973439,view
d9204ee5-9ecd-49f1-8e1c-a7d55d5517be,6,1725453084,like
f4acc51e-2359-4979-aa5c-2a60aed8fd4f,186,1724905529,like
d9204ee5-9ecd-49f1-8e1c-a7d55d5517be,159,1725232710,like
a86c9009-f901-4b04-9c99-c82198357938,75,1724958897,like
ab8f3121-9024-46aa-9cc9-f924e8c7a94e,179,1725198817,view
9d8690c1-fee4-42bc-8402-c340121aa270,165,1724783150,like
29c0d439-efb9-477d-822d-bda0468c76bb,103,1724525884,click
ab8f3121-9024-46aa-9cc9-f924e8c7a94e,10,1724537377,add_to_cart
d810606a-a7ea-4a39-94f3-1c4272def868,70,1725095058,like
9d8690c1-fee4-42bc-8402-c340121aa270,125,1724790764,like
859d4ff8-041a-41cb-8868-178a48fd55c8,7,1724662192,like
8975d6c7-26f1-4473-8b72-50d75e47a033,120,1724595431,click
f4acc51e-2359-4979-aa5c-2a60aed8fd4f,86,1724756681,add_to_cart
1e8e2ae4-8a9c-4d27-bbc5-80b83b34dcf7,159,1725006916,add_to_cart
ed3908c0-3ebd-48fe-81ab-9ec7391da450,18,1724668391,like
5e8d463c-8a5f-48c8-b7cd-3cceb93d2993,125,1724943726,view
f71618c1-7096-4d0c-bfb0-eda13ff2a2ff,113,1724564586,view
f5ad8a0c-1226-4637-84de-f06b6b20a59d,156,1725052894,purchase
859d4ff8-041a-41cb-8868-178a48fd55c8,148,1725064418,view
1e8e2ae4-8a9c-4d27-bbc5-80b83b34dcf7,119,1725419427,add_to_cart
c64aefeb-edbc-4f5c-8f7e-9a7e19960439,56,1725146588,click
d810606a-a7ea-4a39-94f3-1c4272def868,158,1724901212,purchase
8975d6c7-26f1-4473-8b72-50d75e47a033,52,1724725495,like
ed3908c0-3ebd-48fe-81ab-9ec7391da450,87,1724833985,view
ab8f3121-9024-46aa-9cc9-f924e8c7a94e,100,1724863935,like
859d4ff8-041a-41cb-8868-178a48fd55c8,158,1724894152,purchase
a86c9009-f901-4b04-9c99-c82198357938,177,1724519605,like
c199c771-95e4-4eef-b5f8-6852e92ba635,34,1725299119,like
c7ccc984-efbd-4193-931c-3092ff5815ae,43,1724902211,click
f5ad8a0c-1226-4637-84de-f06b6b20a59d,91,1725387649,view
859d4ff8-041a-41cb-8868-178a48fd55c8,186,1724727679,like
29c0d439-efb9-477d-822d-bda0468c76bb,1,1724665572,like
ed3908c0-3ebd-48fe-81ab-9ec7391da450,177,1725288312,like
8975d6c7-26f1-4473-8b72-50d75e47a033,4,1724854641,like
a86c9009-f901-4b04-9c99-c82198357938,116,1725056824,add_to_cart
f71618c1-7096-4d0c-bfb0-eda13ff2a2ff,57,1725377029,add_to_cart
c64aefeb-edbc-4f5c-8f7e-9a7e19960439,72,1725148273,click
f4acc51e-2359-4979-aa5c-2a60aed8fd4f,152,1724854274,click
